gene,bin,mean_normalized_counts,fraction_detected,n_cells,pseudotime,pseudotime_percentile
Ascl1,1,0.24070729707057903,0.21212121212121213,33,0.008315008450185363,0.004942848316342292
Ascl1,2,0.13157397713707394,0.09090909090909091,33,0.016807143036938733,0.01513747296879827
Ascl1,3,0.26426278951153614,0.24242424242424243,33,0.019297837129523727,0.025332097621254247
Ascl1,4,0.27315432251825644,0.21212121212121213,33,0.021768773646141514,0.035526722273710225
Ascl1,5,0.6246663685045454,0.2727272727272727,33,0.02361197294719931,0.0457213469261662
Ascl1,6,0.22366402380401387,0.21212121212121213,33,0.024740094466878405,0.05591597157862218
Ascl1,7,0.614465840177933,0.24242424242424243,33,0.025723791030859876,0.06611059623107816
Ascl1,8,0.4587981381996656,0.3333333333333333,33,0.02678643583887934,0.07630522088353414
Ascl1,9,0.21158030691706983,0.15151515151515152,33,0.027783185702052772,0.08649984553599012
Ascl1,10,0.35607961925405,0.30303030303030304,33,0.02847643482365652,0.0966944701884461
Ascl1,11,0.591921924977439,0.42424242424242425,33,0.02925801560130067,0.10688909484090207
Ascl1,12,0.6104230436611409,0.5454545454545454,33,0.029784000153257863,0.11708371949335805
Ascl1,13,0.517828953439855,0.30303030303030304,33,0.030314556279739897,0.12727834414581402
Ascl1,14,0.4236250464380065,0.36363636363636365,33,0.03085266206950408,0.13747296879827
Ascl1,15,0.33380734197152073,0.30303030303030304,33,0.03132819929198454,0.14766759345072597
Ascl1,16,0.24542418734565652,0.2727272727272727,33,0.03177350391716678,0.15786221810318196
Ascl1,17,0.479259369794536,0.42424242424242425,33,0.032090589412770154,0.16805684275563793
Ascl1,18,0.32195316498931714,0.2727272727272727,33,0.03250010390148368,0.17825146740809392
Ascl1,19,0.3694404444837151,0.30303030303030304,33,0.032843447920107495,0.18844609206054988
Ascl1,20,0.43542485317342505,0.36363636363636365,33,0.033225476824060025,0.19864071671300587
Ascl1,21,0.40156288708536764,0.2727272727272727,33,0.03356329170299936,0.20883534136546184
Ascl1,22,0.4452277571110588,0.42424242424242425,33,0.033876821598699446,0.21902996601791783
Ascl1,23,0.5152338131152474,0.42424242424242425,33,0.0341749189417309,0.2292245906703738
Ascl1,24,0.8580311375115958,0.42424242424242425,33,0.03442976930895895,0.23941921532282978
Ascl1,25,0.3248711223684571,0.3333333333333333,33,0.03473031283637215,0.24961383997528575
Ascl1,26,0.735712558207174,0.5151515151515151,33,0.03503545453427557,0.2598084646277417
Ascl1,27,0.4067159869453718,0.3939393939393939,33,0.03528721856376664,0.27000308928019773
Ascl1,28,0.8716118702769163,0.45454545454545453,33,0.035495733450794986,0.2801977139326537
Ascl1,29,0.48027475313503093,0.3939393939393939,33,0.035795529951120134,0.29039233858510966
Ascl1,30,0.45255394765106055,0.45454545454545453,33,0.036018793107163986,0.3005869632375657
Ascl1,31,0.5936233148199291,0.45454545454545453,33,0.03632329342547735,0.31078158789002164
Ascl1,32,0.5879345371232395,0.48484848484848486,33,0.03665938250865137,0.3209762125424776
Ascl1,33,0.22093328417790054,0.2727272727272727,33,0.036920902919849195,0.33117083719493356
Ascl1,34,0.861215870009487,0.45454545454545453,33,0.037180712209986005,0.3413654618473896
Ascl1,35,0.5013575138234033,0.30303030303030304,33,0.03742229046436196,0.35156008649984555
Ascl1,36,0.4014870812570712,0.3939393939393939,33,0.03777211183988282,0.3617547111523015
Ascl1,37,0.5149081217997309,0.3939393939393939,33,0.038040795856697146,0.3719493358047575
Ascl1,38,0.3769107175501465,0.30303030303030304,33,0.03822622895731367,0.3821439604572135
Ascl1,39,0.339474156004271,0.34375,32,0.038491481515323514,0.39218412109978373
Ascl1,40,0.35638922107407395,0.25,32,0.038746929041181474,0.4020698177324683
Ascl1,41,0.41785215781795193,0.375,32,0.03897750836631303,0.4119555143651529
Ascl1,42,0.5425194198846806,0.40625,32,0.03936579148389517,0.42184121099783756
Ascl1,43,0.2443735692297972,0.25,32,0.03961982025406566,0.4317269076305221
Ascl1,44,0.06692691094130762,0.125,32,0.039864421079005924,0.4416126042632067
Ascl1,45,0.39929960555374383,0.3125,32,0.040142447114147106,0.45149830089589127
Ascl1,46,0.2159176144911636,0.28125,32,0.0403945227388844,0.46138399752857584
Ascl1,47,0.4977808181159887,0.34375,32,0.04054763486594743,0.4712696941612604
Ascl1,48,0.9250559461452099,0.46875,32,0.04082130643932847,0.481155390793945
Ascl1,49,0.23710244027045663,0.21875,32,0.041082345957333635,0.49104108742662955
Ascl1,50,0.2652537903730094,0.28125,32,0.0413755448524403,0.5009267840593141
Ascl1,51,0.4632738239270485,0.375,32,0.0416228075299233,0.5108124806919987
Ascl1,52,0.2878329012070323,0.28125,32,0.0417945740595377,0.5206981773246834
Ascl1,53,0.086278992316085365,0.125,32,0.04204021695776633,0.530583873957368
Ascl1,54,0.21920061023270515,0.25,32,0.042379110075272355,0.5404695705900525
Ascl1,55,0.8004960701467445,0.4375,32,0.04259262945331393,0.5503552672227371
Ascl1,56,0.5258399919743227,0.4375,32,0.042856389716281584,0.5602409638554218
Ascl1,57,0.2896850355730842,0.25,32,0.04308347652806578,0.5701266604881063
Ascl1,58,0.8880618013190558,0.40625,32,0.04339734147804594,0.5800123571207909
Ascl1,59,0.5576467620091827,0.34375,32,0.043671170167973575,0.5898980537534755
Ascl1,60,0.2312995475278462,0.21875,32,0.04394104196009762,0.59978375038616
Ascl1,61,0.2740980242475828,0.28125,32,0.04426907711589678,0.6096694470188446
Ascl1,62,0.24062021536728354,0.28125,32,0.04447458242381004,0.6195551436515292
Ascl1,63,0.2151015004571398,0.15625,32,0.044780068609678744,0.6294408402842138
Ascl1,64,0.49867582524140786,0.28125,32,0.04507340731934226,0.6393265369168983
Ascl1,65,0.47726802402897434,0.3125,32,0.04531082992413251,0.6492122335495829
Ascl1,66,0.14422556450019347,0.0625,32,0.04559341416059682,0.6590979301822675
Ascl1,67,0.33825122363530397,0.21875,32,0.04589608755266486,0.668983626814952
Ascl1,68,0.2096233797031954,0.21875,32,0.046210075166656886,0.6788693234476366
Ascl1,69,0.4536142372667678,0.28125,32,0.046683477550757774,0.6887550200803213
Ascl1,70,0.3118972880005225,0.21875,32,0.04705700543221022,0.6986407167130059
Ascl1,71,0.03535993013032415,0.125,32,0.047383191705377886,0.7085264133456904
Ascl1,72,0.3625062911964057,0.1875,32,0.0477297963710159,0.718412109978375
Ascl1,73,0.4942773887242688,0.21875,32,0.04819057723965111,0.7282978066110597
Ascl1,74,0.18602754891438242,0.15625,32,0.04873644982230882,0.7381835032437443
Ascl1,75,0.16982269527416047,0.125,32,0.04905034470446588,0.7480691998764288
Ascl1,76,0.166693999094026,0.21875,32,0.04939576656215451,0.7579548965091134
Ascl1,77,0.15624097388238697,0.1875,32,0.04988861057417274,0.767840593141798
Ascl1,78,0.27603518035802327,0.25,32,0.05046289437853513,0.7777262897744825
Ascl1,79,0.061697404533817585,0.09375,32,0.050960722793626234,0.7876119864071671
Ascl1,80,0.06173263254905515,0.1875,32,0.05158747906543623,0.7974976830398517
Ascl1,81,0.5054322961462864,0.25,32,0.05250470777610536,0.8073833796725363
Ascl1,82,0.28055165073762756,0.15625,32,0.053436528526220724,0.8172690763052208
Ascl1,83,0.6020607313632933,0.4375,32,0.05472940920510003,0.8271547729379054
Ascl1,84,0.19235360072345417,0.25,32,0.05685558327615577,0.83704046957059
Ascl1,85,0.8137601125974685,0.375,32,0.06025537083462772,0.8469261662032747
Ascl1,86,0.9978439786318261,0.375,32,0.06456773886631356,0.8568118628359592
Ascl1,87,1.2639167782472058,0.53125,32,0.07257623400447025,0.8666975594686438
Ascl1,88,1.0025768728863516,0.4375,32,0.08056335200784079,0.8765832561013284
Ascl1,89,1.1326495867495383,0.3125,32,0.08959745021944521,0.886468952734013
Ascl1,90,1.071820761371444,0.28125,32,0.1071315200085631,0.8963546493666976
Ascl1,91,1.329496438745342,0.34375,32,0.14946643207246757,0.9062403459993822
Ascl1,92,0.049131922410388516,0.125,32,0.2578927814876444,0.9161260426320668
Ascl1,93,0.12878854260720107,0.125,32,0.2927194819855192,0.9260117392647513
Ascl1,94,0.25268338377124216,0.09375,32,0.45739215061730115,0.9358974358974359
Ascl1,95,0.02628922352149405,0.03125,32,0.5353071746021729,0.9457831325301205
Ascl1,96,0.039293348421979145,0.03125,32,0.5788866642645688,0.955668829162805
Ascl1,97,0,0,32,0.6097483955513862,0.9655545257954896
Ascl1,98,0.030022096262849456,0.03125,32,0.6326083440412348,0.9754402224281742
Ascl1,99,0,0,32,0.6746074479973074,0.9853259190608588
Ascl1,100,0.006941513583153777,0.03125,32,0.7355573101105116,0.9952116156935433
Hes1,1,20.46862859870689,1,33,0.008315008450185363,0.004942848316342292
Hes1,2,18.063270303973013,1,33,0.016807143036938733,0.01513747296879827
Hes1,3,18.042869591549337,1,33,0.019297837129523727,0.025332097621254247
Hes1,4,15.819216012106505,1,33,0.021768773646141514,0.035526722273710225
Hes1,5,16.792985254524684,0.9696969696969697,33,0.02361197294719931,0.0457213469261662
Hes1,6,14.806169321076716,1,33,0.024740094466878405,0.05591597157862218
Hes1,7,17.4907508287474,1,33,0.025723791030859876,0.06611059623107816
Hes1,8,16.981728922331353,0.9696969696969697,33,0.02678643583887934,0.07630522088353414
Hes1,9,17.14564876168699,1,33,0.027783185702052772,0.08649984553599012
Hes1,10,19.281121406207134,1,33,0.02847643482365652,0.0966944701884461
Hes1,11,13.48679665077085,0.9696969696969697,33,0.02925801560130067,0.10688909484090207
Hes1,12,19.90103456040647,1,33,0.029784000153257863,0.11708371949335805
Hes1,13,17.855955338407686,1,33,0.030314556279739897,0.12727834414581402
Hes1,14,18.102634339464895,1,33,0.03085266206950408,0.13747296879827
Hes1,15,16.088475409704927,1,33,0.03132819929198454,0.14766759345072597
Hes1,16,17.58755301717971,1,33,0.03177350391716678,0.15786221810318196
Hes1,17,19.717837490005206,0.9696969696969697,33,0.032090589412770154,0.16805684275563793
Hes1,18,18.19137227819232,1,33,0.03250010390148368,0.17825146740809392
Hes1,19,17.994717444636454,1,33,0.032843447920107495,0.18844609206054988
Hes1,20,19.677764615963095,1,33,0.033225476824060025,0.19864071671300587
Hes1,21,14.660084961524495,1,33,0.03356329170299936,0.20883534136546184
Hes1,22,15.834805888303213,1,33,0.033876821598699446,0.21902996601791783
Hes1,23,17.982707169556956,1,33,0.0341749189417309,0.2292245906703738
Hes1,24,17.269075914532863,1,33,0.03442976930895895,0.23941921532282978
Hes1,25,20.953979802206703,1,33,0.03473031283637215,0.24961383997528575
Hes1,26,20.827315885480203,1,33,0.03503545453427557,0.2598084646277417
Hes1,27,14.895678751321118,1,33,0.03528721856376664,0.27000308928019773
Hes1,28,19.044818919686907,1,33,0.035495733450794986,0.2801977139326537
Hes1,29,18.131634968425868,1,33,0.035795529951120134,0.29039233858510966
Hes1,30,17.302678340754866,1,33,0.036018793107163986,0.3005869632375657
Hes1,31,18.123925258878906,1,33,0.03632329342547735,0.31078158789002164
Hes1,32,18.017704211106086,1,33,0.03665938250865137,0.3209762125424776
Hes1,33,15.104305719174883,1,33,0.036920902919849195,0.33117083719493356
Hes1,34,15.813947081430934,1,33,0.037180712209986005,0.3413654618473896
Hes1,35,17.544657784549827,1,33,0.03742229046436196,0.35156008649984555
Hes1,36,17.761310841621448,1,33,0.03777211183988282,0.3617547111523015
Hes1,37,16.205397245206537,1,33,0.038040795856697146,0.3719493358047575
Hes1,38,16.152074474335453,1,33,0.03822622895731367,0.3821439604572135
Hes1,39,17.67450935872781,1,32,0.038491481515323514,0.39218412109978373
Hes1,40,18.971909547219813,1,32,0.038746929041181474,0.4020698177324683
Hes1,41,15.987393746474334,1,32,0.03897750836631303,0.4119555143651529
Hes1,42,18.356529157481045,1,32,0.03936579148389517,0.42184121099783756
Hes1,43,18.099045695312522,1,32,0.03961982025406566,0.4317269076305221
Hes1,44,15.502936834914529,1,32,0.039864421079005924,0.4416126042632067
Hes1,45,15.190333853986218,1,32,0.040142447114147106,0.45149830089589127
Hes1,46,13.944296660767346,1,32,0.0403945227388844,0.46138399752857584
Hes1,47,17.25816029635122,1,32,0.04054763486594743,0.4712696941612604
Hes1,48,15.795790167885606,1,32,0.04082130643932847,0.481155390793945
Hes1,49,13.48084581242558,1,32,0.041082345957333635,0.49104108742662955
Hes1,50,15.84727775721657,1,32,0.0413755448524403,0.5009267840593141
Hes1,51,15.117216477833088,1,32,0.0416228075299233,0.5108124806919987
Hes1,52,17.21636070239273,1,32,0.0417945740595377,0.5206981773246834
Hes1,53,12.20005653059024,1,32,0.04204021695776633,0.530583873957368
Hes1,54,15.57447569994214,1,32,0.042379110075272355,0.5404695705900525
Hes1,55,13.879731389952152,1,32,0.04259262945331393,0.5503552672227371
Hes1,56,16.1027463508453,1,32,0.042856389716281584,0.5602409638554218
Hes1,57,16.977159063649612,1,32,0.04308347652806578,0.5701266604881063
Hes1,58,16.673949123943874,0.96875,32,0.04339734147804594,0.5800123571207909
Hes1,59,15.789978179394401,1,32,0.043671170167973575,0.5898980537534755
Hes1,60,13.803036241635564,1,32,0.04394104196009762,0.59978375038616
Hes1,61,14.482975557720662,1,32,0.04426907711589678,0.6096694470188446
Hes1,62,15.233256561173247,1,32,0.04447458242381004,0.6195551436515292
Hes1,63,14.079580065957813,0.96875,32,0.044780068609678744,0.6294408402842138
Hes1,64,15.665536709954148,0.96875,32,0.04507340731934226,0.6393265369168983
Hes1,65,14.988915973608519,1,32,0.04531082992413251,0.6492122335495829
Hes1,66,15.99050583479659,1,32,0.04559341416059682,0.6590979301822675
Hes1,67,14.721593529174433,1,32,0.04589608755266486,0.668983626814952
Hes1,68,15.18204241581935,1,32,0.046210075166656886,0.6788693234476366
Hes1,69,13.710084179812837,1,32,0.046683477550757774,0.6887550200803213
Hes1,70,16.635984577485207,1,32,0.04705700543221022,0.6986407167130059
Hes1,71,14.372144171549543,1,32,0.047383191705377886,0.7085264133456904
Hes1,72,13.19896677111039,0.96875,32,0.0477297963710159,0.718412109978375
Hes1,73,13.837734026806288,1,32,0.04819057723965111,0.7282978066110597
Hes1,74,12.721888530116319,0.96875,32,0.04873644982230882,0.7381835032437443
Hes1,75,11.289553514472251,1,32,0.04905034470446588,0.7480691998764288
Hes1,76,13.577705737289532,0.96875,32,0.04939576656215451,0.7579548965091134
Hes1,77,12.67878992393852,1,32,0.04988861057417274,0.767840593141798
Hes1,78,12.806099230386302,0.96875,32,0.05046289437853513,0.7777262897744825
Hes1,79,14.873590771448413,1,32,0.050960722793626234,0.7876119864071671
Hes1,80,12.071057763198326,1,32,0.05158747906543623,0.7974976830398517
Hes1,81,12.05266976397808,1,32,0.05250470777610536,0.8073833796725363
Hes1,82,13.708547060048927,1,32,0.053436528526220724,0.8172690763052208
Hes1,83,13.38161301129981,1,32,0.05472940920510003,0.8271547729379054
Hes1,84,12.867764944223932,1,32,0.05685558327615577,0.83704046957059
Hes1,85,13.660377821216237,1,32,0.06025537083462772,0.8469261662032747
Hes1,86,13.31815290205168,1,32,0.06456773886631356,0.8568118628359592
Hes1,87,19.00662125376104,0.96875,32,0.07257623400447025,0.8666975594686438
Hes1,88,16.563574915744987,0.96875,32,0.08056335200784079,0.8765832561013284
Hes1,89,18.520799720239776,0.9375,32,0.08959745021944521,0.886468952734013
Hes1,90,9.605913731316466,0.90625,32,0.1071315200085631,0.8963546493666976
Hes1,91,8.821674003907855,0.8125,32,0.14946643207246757,0.9062403459993822
Hes1,92,7.2129982976767675,0.96875,32,0.2578927814876444,0.9161260426320668
Hes1,93,5.677338832039154,0.65625,32,0.2927194819855192,0.9260117392647513
Hes1,94,0.4638006872757631,0.21875,32,0.45739215061730115,0.9358974358974359
Hes1,95,0.2317932627858473,0.1875,32,0.5353071746021729,0.9457831325301205
Hes1,96,0.02911038658593385,0.03125,32,0.5788866642645688,0.955668829162805
Hes1,97,0.08123569024361767,0.09375,32,0.6097483955513862,0.9655545257954896
Hes1,98,0.13100687051044133,0.1875,32,0.6326083440412348,0.9754402224281742
Hes1,99,0.10528184860111163,0.1875,32,0.6746074479973074,0.9853259190608588
Hes1,100,0.10639303513630587,0.3125,32,0.7355573101105116,0.9952116156935433
Hes6,1,0.3006595758006137,0.21212121212121213,33,0.008315008450185363,0.004942848316342292
Hes6,2,0.2958614017184994,0.2727272727272727,33,0.016807143036938733,0.01513747296879827
Hes6,3,0.5719457716670104,0.42424242424242425,33,0.019297837129523727,0.025332097621254247
Hes6,4,0.6112039775112508,0.48484848484848486,33,0.021768773646141514,0.035526722273710225
Hes6,5,0.556414002776727,0.45454545454545453,33,0.02361197294719931,0.0457213469261662
Hes6,6,0.6494512900651807,0.5454545454545454,33,0.024740094466878405,0.05591597157862218
Hes6,7,0.6640070614645822,0.45454545454545453,33,0.025723791030859876,0.06611059623107816
Hes6,8,1.3266581125489998,0.6363636363636364,33,0.02678643583887934,0.07630522088353414
Hes6,9,0.8447612268670501,0.5454545454545454,33,0.027783185702052772,0.08649984553599012
Hes6,10,0.7445859734033964,0.45454545454545453,33,0.02847643482365652,0.0966944701884461
Hes6,11,0.704799772476926,0.6060606060606061,33,0.02925801560130067,0.10688909484090207
Hes6,12,0.8552575196175531,0.6060606060606061,33,0.029784000153257863,0.11708371949335805
Hes6,13,0.7783604734179717,0.6666666666666666,33,0.030314556279739897,0.12727834414581402
Hes6,14,1.0014006564592304,0.6363636363636364,33,0.03085266206950408,0.13747296879827
Hes6,15,1.0376086383358791,0.7575757575757576,33,0.03132819929198454,0.14766759345072597
Hes6,16,1.0812165825996223,0.6666666666666666,33,0.03177350391716678,0.15786221810318196
Hes6,17,1.5346634810864392,0.696969696969697,33,0.032090589412770154,0.16805684275563793
Hes6,18,1.0551118527374126,0.7575757575757576,33,0.03250010390148368,0.17825146740809392
Hes6,19,0.9113492667879542,0.6666666666666666,33,0.032843447920107495,0.18844609206054988
Hes6,20,1.6291478391378278,0.7272727272727273,33,0.033225476824060025,0.19864071671300587
Hes6,21,1.0913358621441271,0.7272727272727273,33,0.03356329170299936,0.20883534136546184
Hes6,22,1.3777963934086692,0.6363636363636364,33,0.033876821598699446,0.21902996601791783
Hes6,23,1.0289917717748907,0.5757575757575758,33,0.0341749189417309,0.2292245906703738
Hes6,24,1.2576922036227662,0.696969696969697,33,0.03442976930895895,0.23941921532282978
Hes6,25,1.0823460898313504,0.6363636363636364,33,0.03473031283637215,0.24961383997528575
Hes6,26,1.9866012838704297,0.7878787878787878,33,0.03503545453427557,0.2598084646277417
Hes6,27,1.202601899425726,0.5454545454545454,33,0.03528721856376664,0.27000308928019773
Hes6,28,1.472361625523217,0.5757575757575758,33,0.035495733450794986,0.2801977139326537
Hes6,29,1.4198446622073562,0.7878787878787878,33,0.035795529951120134,0.29039233858510966
Hes6,30,0.9823142784537465,0.5454545454545454,33,0.036018793107163986,0.3005869632375657
Hes6,31,1.2918364831603393,0.7272727272727273,33,0.03632329342547735,0.31078158789002164
Hes6,32,1.338269246956673,0.6363636363636364,33,0.03665938250865137,0.3209762125424776
Hes6,33,0.865950351598697,0.696969696969697,33,0.036920902919849195,0.33117083719493356
Hes6,34,1.5785473596748252,0.7272727272727273,33,0.037180712209986005,0.3413654618473896
Hes6,35,1.5999921682850644,0.7575757575757576,33,0.03742229046436196,0.35156008649984555
Hes6,36,1.2782586098265112,0.6060606060606061,33,0.03777211183988282,0.3617547111523015
Hes6,37,0.9398992055465568,0.7878787878787878,33,0.038040795856697146,0.3719493358047575
Hes6,38,1.03579789891372,0.7575757575757576,33,0.03822622895731367,0.3821439604572135
Hes6,39,1.3432451243696728,0.78125,32,0.038491481515323514,0.39218412109978373
Hes6,40,0.9195532672294526,0.5,32,0.038746929041181474,0.4020698177324683
Hes6,41,1.5714136138908414,0.71875,32,0.03897750836631303,0.4119555143651529
Hes6,42,1.1292862618915491,0.71875,32,0.03936579148389517,0.42184121099783756
Hes6,43,0.8262637791964978,0.75,32,0.03961982025406566,0.4317269076305221
Hes6,44,0.7074441952432223,0.59375,32,0.039864421079005924,0.4416126042632067
Hes6,45,1.0559262214992946,0.6875,32,0.040142447114147106,0.45149830089589127
Hes6,46,0.633515287273104,0.6875,32,0.0403945227388844,0.46138399752857584
Hes6,47,1.3089066035503258,0.71875,32,0.04054763486594743,0.4712696941612604
Hes6,48,1.6581277509101158,0.84375,32,0.04082130643932847,0.481155390793945
Hes6,49,0.9559013480876102,0.59375,32,0.041082345957333635,0.49104108742662955
Hes6,50,1.1603728918021112,0.78125,32,0.0413755448524403,0.5009267840593141
Hes6,51,1.470122056198408,0.71875,32,0.0416228075299233,0.5108124806919987
Hes6,52,0.6842676572913704,0.6875,32,0.0417945740595377,0.5206981773246834
Hes6,53,1.2622841712678985,0.65625,32,0.04204021695776633,0.530583873957368
Hes6,54,1.0287478130780616,0.65625,32,0.042379110075272355,0.5404695705900525
Hes6,55,1.6186451926794072,0.8125,32,0.04259262945331393,0.5503552672227371
Hes6,56,1.3916020314772388,0.78125,32,0.042856389716281584,0.5602409638554218
Hes6,57,1.2803693847462214,0.6875,32,0.04308347652806578,0.5701266604881063
Hes6,58,1.3283322811826306,0.71875,32,0.04339734147804594,0.5800123571207909
Hes6,59,1.1280578803849592,0.71875,32,0.043671170167973575,0.5898980537534755
Hes6,60,0.8617759154122775,0.71875,32,0.04394104196009762,0.59978375038616
Hes6,61,0.9798946922575259,0.75,32,0.04426907711589678,0.6096694470188446
Hes6,62,0.8178557466077719,0.78125,32,0.04447458242381004,0.6195551436515292
Hes6,63,0.7109115568881432,0.6875,32,0.044780068609678744,0.6294408402842138
Hes6,64,1.0215122035456101,0.78125,32,0.04507340731934226,0.6393265369168983
Hes6,65,0.9643833140564433,0.78125,32,0.04531082992413251,0.6492122335495829
Hes6,66,0.9532390997725012,0.78125,32,0.04559341416059682,0.6590979301822675
Hes6,67,1.4614145323375964,0.71875,32,0.04589608755266486,0.668983626814952
Hes6,68,0.7751231860288522,0.5625,32,0.046210075166656886,0.6788693234476366
Hes6,69,1.0623937410766242,0.65625,32,0.046683477550757774,0.6887550200803213
Hes6,70,1.201548057792862,0.84375,32,0.04705700543221022,0.6986407167130059
Hes6,71,0.5318490610265632,0.65625,32,0.047383191705377886,0.7085264133456904
Hes6,72,0.5282669561380496,0.625,32,0.0477297963710159,0.718412109978375
Hes6,73,0.8370677436216936,0.71875,32,0.04819057723965111,0.7282978066110597
Hes6,74,0.6771051724406314,0.71875,32,0.04873644982230882,0.7381835032437443
Hes6,75,0.9485879380498095,0.71875,32,0.04905034470446588,0.7480691998764288
Hes6,76,0.915114934060837,0.71875,32,0.04939576656215451,0.7579548965091134
Hes6,77,0.43646925728214103,0.65625,32,0.04988861057417274,0.767840593141798
Hes6,78,0.7555295803177728,0.6875,32,0.05046289437853513,0.7777262897744825
Hes6,79,0.5859145089551809,0.78125,32,0.050960722793626234,0.7876119864071671
Hes6,80,0.4016090153354609,0.59375,32,0.05158747906543623,0.7974976830398517
Hes6,81,1.2325556667002346,0.6875,32,0.05250470777610536,0.8073833796725363
Hes6,82,0.6907545710543618,0.59375,32,0.053436528526220724,0.8172690763052208
Hes6,83,0.8945620180795169,0.75,32,0.05472940920510003,0.8271547729379054
Hes6,84,0.8365696706062815,0.8125,32,0.05685558327615577,0.83704046957059
Hes6,85,2.4005339081852775,0.71875,32,0.06025537083462772,0.8469261662032747
Hes6,86,2.913385346814122,0.65625,32,0.06456773886631356,0.8568118628359592
Hes6,87,3.7822220262414916,0.625,32,0.07257623400447025,0.8666975594686438
Hes6,88,3.6073564777126315,0.5,32,0.08056335200784079,0.8765832561013284
Hes6,89,3.448985719018164,0.5,32,0.08959745021944521,0.886468952734013
Hes6,90,4.027864839437252,0.5,32,0.1071315200085631,0.8963546493666976
Hes6,91,3.168416586785089,0.75,32,0.14946643207246757,0.9062403459993822
Hes6,92,0.6517183377926864,0.5625,32,0.2578927814876444,0.9161260426320668
Hes6,93,1.3817947902425283,0.5,32,0.2927194819855192,0.9260117392647513
Hes6,94,2.338977040543162,0.59375,32,0.45739215061730115,0.9358974358974359
Hes6,95,1.2830718363132527,0.6875,32,0.5353071746021729,0.9457831325301205
Hes6,96,0.9881687881473326,0.53125,32,0.5788866642645688,0.955668829162805
Hes6,97,0.8715042022544047,0.59375,32,0.6097483955513862,0.9655545257954896
Hes6,98,0.8550063946822789,0.6875,32,0.6326083440412348,0.9754402224281742
Hes6,99,0.8688843187480999,0.75,32,0.6746074479973074,0.9853259190608588
Hes6,100,0.6218060945942093,0.75,32,0.7355573101105116,0.9952116156935433
Otx2,1,0,0,33,0.008315008450185363,0.004942848316342292
Otx2,2,0.022787660026342523,0.030303030303030304,33,0.016807143036938733,0.01513747296879827
Otx2,3,0,0,33,0.019297837129523727,0.025332097621254247
Otx2,4,0,0,33,0.021768773646141514,0.035526722273710225
Otx2,5,0,0,33,0.02361197294719931,0.0457213469261662
Otx2,6,0,0,33,0.024740094466878405,0.05591597157862218
Otx2,7,0,0,33,0.025723791030859876,0.06611059623107816
Otx2,8,0.017363643309093693,0.030303030303030304,33,0.02678643583887934,0.07630522088353414
Otx2,9,0,0,33,0.027783185702052772,0.08649984553599012
Otx2,10,0,0,33,0.02847643482365652,0.0966944701884461
Otx2,11,0,0,33,0.02925801560130067,0.10688909484090207
Otx2,12,0,0,33,0.029784000153257863,0.11708371949335805
Otx2,13,0.01771485461418817,0.030303030303030304,33,0.030314556279739897,0.12727834414581402
Otx2,14,0.029834626664399247,0.030303030303030304,33,0.03085266206950408,0.13747296879827
Otx2,15,0,0,33,0.03132819929198454,0.14766759345072597
Otx2,16,0,0,33,0.03177350391716678,0.15786221810318196
Otx2,17,0.015520912878011838,0.030303030303030304,33,0.032090589412770154,0.16805684275563793
Otx2,18,0.015800933519152318,0.030303030303030304,33,0.03250010390148368,0.17825146740809392
Otx2,19,0,0,33,0.032843447920107495,0.18844609206054988
Otx2,20,0,0,33,0.033225476824060025,0.19864071671300587
Otx2,21,0,0,33,0.03356329170299936,0.20883534136546184
Otx2,22,0.03287393383654916,0.06060606060606061,33,0.033876821598699446,0.21902996601791783
Otx2,23,0,0,33,0.0341749189417309,0.2292245906703738
Otx2,24,0,0,33,0.03442976930895895,0.23941921532282978
Otx2,25,0.019464947522501472,0.030303030303030304,33,0.03473031283637215,0.24961383997528575
Otx2,26,0,0,33,0.03503545453427557,0.2598084646277417
Otx2,27,0,0,33,0.03528721856376664,0.27000308928019773
Otx2,28,0,0,33,0.035495733450794986,0.2801977139326537
Otx2,29,0,0,33,0.035795529951120134,0.29039233858510966
Otx2,30,0.021942817018848884,0.030303030303030304,33,0.036018793107163986,0.3005869632375657
Otx2,31,0,0,33,0.03632329342547735,0.31078158789002164
Otx2,32,0.009627038886498174,0.030303030303030304,33,0.03665938250865137,0.3209762125424776
Otx2,33,0,0,33,0.036920902919849195,0.33117083719493356
Otx2,34,0,0,33,0.037180712209986005,0.3413654618473896
Otx2,35,0,0,33,0.03742229046436196,0.35156008649984555
Otx2,36,0,0,33,0.03777211183988282,0.3617547111523015
Otx2,37,0.05282922199817478,0.06060606060606061,33,0.038040795856697146,0.3719493358047575
Otx2,38,0.1749893744020613,0.06060606060606061,33,0.03822622895731367,0.3821439604572135
Otx2,39,0,0,32,0.038491481515323514,0.39218412109978373
Otx2,40,0,0,32,0.038746929041181474,0.4020698177324683
Otx2,41,0.02064510680094803,0.0625,32,0.03897750836631303,0.4119555143651529
Otx2,42,0,0,32,0.03936579148389517,0.42184121099783756
Otx2,43,0.02342182012017037,0.0625,32,0.03961982025406566,0.4317269076305221
Otx2,44,0.01719773265092731,0.03125,32,0.039864421079005924,0.4416126042632067
Otx2,45,0,0,32,0.040142447114147106,0.45149830089589127
Otx2,46,0.007032269679103467,0.03125,32,0.0403945227388844,0.46138399752857584
Otx2,47,0,0,32,0.04054763486594743,0.4712696941612604
Otx2,48,0.017100798949326906,0.03125,32,0.04082130643932847,0.481155390793945
Otx2,49,0,0,32,0.041082345957333635,0.49104108742662955
Otx2,50,0,0,32,0.0413755448524403,0.5009267840593141
Otx2,51,0.012207508105785381,0.03125,32,0.0416228075299233,0.5108124806919987
Otx2,52,0.01273846404695907,0.03125,32,0.0417945740595377,0.5206981773246834
Otx2,53,0,0,32,0.04204021695776633,0.530583873957368
Otx2,54,0,0,32,0.042379110075272355,0.5404695705900525
Otx2,55,0.0099856207061831,0.03125,32,0.04259262945331393,0.5503552672227371
Otx2,56,0.011179079917006514,0.03125,32,0.042856389716281584,0.5602409638554218
Otx2,57,0.011887779362815027,0.03125,32,0.04308347652806578,0.5701266604881063
Otx2,58,0,0,32,0.04339734147804594,0.5800123571207909
Otx2,59,0.012700154433877913,0.03125,32,0.043671170167973575,0.5898980537534755
Otx2,60,0,0,32,0.04394104196009762,0.59978375038616
Otx2,61,0.020516591103186953,0.0625,32,0.04426907711589678,0.6096694470188446
Otx2,62,0,0,32,0.04447458242381004,0.6195551436515292
Otx2,63,0.012630345162072591,0.03125,32,0.044780068609678744,0.6294408402842138
Otx2,64,0,0,32,0.04507340731934226,0.6393265369168983
Otx2,65,0,0,32,0.04531082992413251,0.6492122335495829
Otx2,66,0.020086387219730353,0.0625,32,0.04559341416059682,0.6590979301822675
Otx2,67,0.009343139892964989,0.03125,32,0.04589608755266486,0.668983626814952
Otx2,68,0.1479902845357585,0.0625,32,0.046210075166656886,0.6788693234476366
Otx2,69,0,0,32,0.046683477550757774,0.6887550200803213
Otx2,70,0,0,32,0.04705700543221022,0.6986407167130059
Otx2,71,0,0,32,0.047383191705377886,0.7085264133456904
Otx2,72,0.02057953135953028,0.0625,32,0.0477297963710159,0.718412109978375
Otx2,73,0.015394088669950741,0.03125,32,0.04819057723965111,0.7282978066110597
Otx2,74,0,0,32,0.04873644982230882,0.7381835032437443
Otx2,75,0.04273776301279978,0.0625,32,0.04905034470446588,0.7480691998764288
Otx2,76,0.014373763856308364,0.03125,32,0.04939576656215451,0.7579548965091134
Otx2,77,0.018731642989869932,0.03125,32,0.04988861057417274,0.767840593141798
Otx2,78,0.013083525225036629,0.03125,32,0.05046289437853513,0.7777262897744825
Otx2,79,0.01174326406373304,0.03125,32,0.050960722793626234,0.7876119864071671
Otx2,80,0,0,32,0.05158747906543623,0.7974976830398517
Otx2,81,0.028966166168619745,0.0625,32,0.05250470777610536,0.8073833796725363
Otx2,82,0.014830106302201973,0.03125,32,0.053436528526220724,0.8172690763052208
Otx2,83,0.018530034560121325,0.0625,32,0.05472940920510003,0.8271547729379054
Otx2,84,0.00450087136869698,0.03125,32,0.05685558327615577,0.83704046957059
Otx2,85,0,0,32,0.06025537083462772,0.8469261662032747
Otx2,86,0.05498171998761592,0.0625,32,0.06456773886631356,0.8568118628359592
Otx2,87,0.6805924437893873,0.09375,32,0.07257623400447025,0.8666975594686438
Otx2,88,0.2054780714985419,0.0625,32,0.08056335200784079,0.8765832561013284
Otx2,89,0.015388024423872366,0.03125,32,0.08959745021944521,0.886468952734013
Otx2,90,0.44966450607325487,0.09375,32,0.1071315200085631,0.8963546493666976
Otx2,91,1.344421768494127,0.1875,32,0.14946643207246757,0.9062403459993822
Otx2,92,0.698667504672589,0.21875,32,0.2578927814876444,0.9161260426320668
Otx2,93,4.712622588021358,0.40625,32,0.2927194819855192,0.9260117392647513
Otx2,94,10.304829923784734,0.75,32,0.45739215061730115,0.9358974358974359
Otx2,95,8.55161186018018,0.8125,32,0.5353071746021729,0.9457831325301205
Otx2,96,8.202685379913037,0.96875,32,0.5788866642645688,0.955668829162805
Otx2,97,7.881747972252394,0.96875,32,0.6097483955513862,0.9655545257954896
Otx2,98,8.75026465346999,1,32,0.6326083440412348,0.9754402224281742
Otx2,99,8.646719717867441,1,32,0.6746074479973074,0.9853259190608588
Otx2,100,4.60323885289178,0.65625,32,0.7355573101105116,0.9952116156935433
Rlbp1,1,8.11681849313864,1,33,0.008315008450185363,0.004942848316342292
Rlbp1,2,10.83620028309373,1,33,0.016807143036938733,0.01513747296879827
Rlbp1,3,10.628640682595428,1,33,0.019297837129523727,0.025332097621254247
Rlbp1,4,11.080816452024832,1,33,0.021768773646141514,0.035526722273710225
Rlbp1,5,11.819833128694029,1,33,0.02361197294719931,0.0457213469261662
Rlbp1,6,10.364229189707839,0.9696969696969697,33,0.024740094466878405,0.05591597157862218
Rlbp1,7,11.57744517082454,1,33,0.025723791030859876,0.06611059623107816
Rlbp1,8,11.72554964618007,1,33,0.02678643583887934,0.07630522088353414
Rlbp1,9,13.11228684267207,1,33,0.027783185702052772,0.08649984553599012
Rlbp1,10,13.023349052648353,1,33,0.02847643482365652,0.0966944701884461
Rlbp1,11,12.901919472208954,1,33,0.02925801560130067,0.10688909484090207
Rlbp1,12,12.769927610444508,1,33,0.029784000153257863,0.11708371949335805
Rlbp1,13,12.681498355188356,1,33,0.030314556279739897,0.12727834414581402
Rlbp1,14,11.813849792834642,1,33,0.03085266206950408,0.13747296879827
Rlbp1,15,11.057885612905524,1,33,0.03132819929198454,0.14766759345072597
Rlbp1,16,11.92989453211737,1,33,0.03177350391716678,0.15786221810318196
Rlbp1,17,12.55061043355773,1,33,0.032090589412770154,0.16805684275563793
Rlbp1,18,10.819976457961626,1,33,0.03250010390148368,0.17825146740809392
Rlbp1,19,12.997614767310685,1,33,0.032843447920107495,0.18844609206054988
Rlbp1,20,12.832567603179404,1,33,0.033225476824060025,0.19864071671300587
Rlbp1,21,11.591644605068844,1,33,0.03356329170299936,0.20883534136546184
Rlbp1,22,11.575184584745973,1,33,0.033876821598699446,0.21902996601791783
Rlbp1,23,12.653483173809002,1,33,0.0341749189417309,0.2292245906703738
Rlbp1,24,11.804471421964177,1,33,0.03442976930895895,0.23941921532282978
Rlbp1,25,10.710640387527839,1,33,0.03473031283637215,0.24961383997528575
Rlbp1,26,10.69720768109249,1,33,0.03503545453427557,0.2598084646277417
Rlbp1,27,11.398370971426639,1,33,0.03528721856376664,0.27000308928019773
Rlbp1,28,11.491794044320907,1,33,0.035495733450794986,0.2801977139326537
Rlbp1,29,11.92547506028518,1,33,0.035795529951120134,0.29039233858510966
Rlbp1,30,11.35421340686363,1,33,0.036018793107163986,0.3005869632375657
Rlbp1,31,13.028872496243046,1,33,0.03632329342547735,0.31078158789002164
Rlbp1,32,11.63671945703937,1,33,0.03665938250865137,0.3209762125424776
Rlbp1,33,12.046999361535946,1,33,0.036920902919849195,0.33117083719493356
Rlbp1,34,11.563420253318233,1,33,0.037180712209986005,0.3413654618473896
Rlbp1,35,11.210110160027195,1,33,0.03742229046436196,0.35156008649984555
Rlbp1,36,12.25332865493778,1,33,0.03777211183988282,0.3617547111523015
Rlbp1,37,12.050633716176327,1,33,0.038040795856697146,0.3719493358047575
Rlbp1,38,10.452454636108431,1,33,0.03822622895731367,0.3821439604572135
Rlbp1,39,10.714829578932724,1,32,0.038491481515323514,0.39218412109978373
Rlbp1,40,11.173980342705148,1,32,0.038746929041181474,0.4020698177324683
Rlbp1,41,11.364359018578742,1,32,0.03897750836631303,0.4119555143651529
Rlbp1,42,10.358263297618231,1,32,0.03936579148389517,0.42184121099783756
Rlbp1,43,10.16717347915147,1,32,0.03961982025406566,0.4317269076305221
Rlbp1,44,10.419495085196669,1,32,0.039864421079005924,0.4416126042632067
Rlbp1,45,10.719798767190404,1,32,0.040142447114147106,0.45149830089589127
Rlbp1,46,9.84529819418264,1,32,0.0403945227388844,0.46138399752857584
Rlbp1,47,10.776872990321356,1,32,0.04054763486594743,0.4712696941612604
Rlbp1,48,10.600945518872734,1,32,0.04082130643932847,0.481155390793945
Rlbp1,49,10.149071463723327,1,32,0.041082345957333635,0.49104108742662955
Rlbp1,50,9.817963416996312,1,32,0.0413755448524403,0.5009267840593141
Rlbp1,51,11.577549100356284,1,32,0.0416228075299233,0.5108124806919987
Rlbp1,52,11.724846122985582,1,32,0.0417945740595377,0.5206981773246834
Rlbp1,53,9.749384684748264,1,32,0.04204021695776633,0.530583873957368
Rlbp1,54,10.357107032016891,1,32,0.042379110075272355,0.5404695705900525
Rlbp1,55,11.19478701705749,1,32,0.04259262945331393,0.5503552672227371
Rlbp1,56,11.028548320570321,1,32,0.042856389716281584,0.5602409638554218
Rlbp1,57,11.309606495495842,1,32,0.04308347652806578,0.5701266604881063
Rlbp1,58,10.545497312412408,1,32,0.04339734147804594,0.5800123571207909
Rlbp1,59,11.484340355797025,1,32,0.043671170167973575,0.5898980537534755
Rlbp1,60,9.549850713123893,1,32,0.04394104196009762,0.59978375038616
Rlbp1,61,9.35439052905233,1,32,0.04426907711589678,0.6096694470188446
Rlbp1,62,10.549558108141229,1,32,0.04447458242381004,0.6195551436515292
Rlbp1,63,10.318454944913949,1,32,0.044780068609678744,0.6294408402842138
Rlbp1,64,9.828416593565636,1,32,0.04507340731934226,0.6393265369168983
Rlbp1,65,10.2003789890773,1,32,0.04531082992413251,0.6492122335495829
Rlbp1,66,11.575270104659946,1,32,0.04559341416059682,0.6590979301822675
Rlbp1,67,10.107565207755423,1,32,0.04589608755266486,0.668983626814952
Rlbp1,68,10.825645271892178,1,32,0.046210075166656886,0.6788693234476366
Rlbp1,69,10.483785923876386,1,32,0.046683477550757774,0.6887550200803213
Rlbp1,70,11.037560532460073,1,32,0.04705700543221022,0.6986407167130059
Rlbp1,71,8.896420918708381,0.96875,32,0.047383191705377886,0.7085264133456904
Rlbp1,72,9.568581265334918,1,32,0.0477297963710159,0.718412109978375
Rlbp1,73,9.332056081252661,0.96875,32,0.04819057723965111,0.7282978066110597
Rlbp1,74,10.093697606688103,1,32,0.04873644982230882,0.7381835032437443
Rlbp1,75,8.265751566806843,1,32,0.04905034470446588,0.7480691998764288
Rlbp1,76,9.367825529758786,1,32,0.04939576656215451,0.7579548965091134
Rlbp1,77,9.383414280783883,1,32,0.04988861057417274,0.767840593141798
Rlbp1,78,8.919955377936015,1,32,0.05046289437853513,0.7777262897744825
Rlbp1,79,8.837744007537978,0.96875,32,0.050960722793626234,0.7876119864071671
Rlbp1,80,9.149549970514196,1,32,0.05158747906543623,0.7974976830398517
Rlbp1,81,10.015286966810187,1,32,0.05250470777610536,0.8073833796725363
Rlbp1,82,9.194272712394687,1,32,0.053436528526220724,0.8172690763052208
Rlbp1,83,9.945828217857411,1,32,0.05472940920510003,0.8271547729379054
Rlbp1,84,10.14008481915466,0.96875,32,0.05685558327615577,0.83704046957059
Rlbp1,85,7.813153969984834,0.96875,32,0.06025537083462772,0.8469261662032747
Rlbp1,86,8.423450134441428,0.96875,32,0.06456773886631356,0.8568118628359592
Rlbp1,87,9.189555838521668,1,32,0.07257623400447025,0.8666975594686438
Rlbp1,88,8.009812761663065,0.96875,32,0.08056335200784079,0.8765832561013284
Rlbp1,89,6.959216641164239,0.875,32,0.08959745021944521,0.886468952734013
Rlbp1,90,7.2699955387819415,0.75,32,0.1071315200085631,0.8963546493666976
Rlbp1,91,5.320579637477424,0.90625,32,0.14946643207246757,0.9062403459993822
Rlbp1,92,4.371519738691611,0.9375,32,0.2578927814876444,0.9161260426320668
Rlbp1,93,3.3675975759884387,0.78125,32,0.2927194819855192,0.9260117392647513
Rlbp1,94,0.39795318895352566,0.25,32,0.45739215061730115,0.9358974358974359
Rlbp1,95,0.3159339878239569,0.25,32,0.5353071746021729,0.9457831325301205
Rlbp1,96,0.20178267502001976,0.15625,32,0.5788866642645688,0.955668829162805
Rlbp1,97,0.24568866645630535,0.3125,32,0.6097483955513862,0.9655545257954896
Rlbp1,98,0.10340219266322126,0.15625,32,0.6326083440412348,0.9754402224281742
Rlbp1,99,0.32335648780757253,0.46875,32,0.6746074479973074,0.9853259190608588
Rlbp1,100,0.46146166140767164,0.625,32,0.7355573101105116,0.9952116156935433
