root_cell,spearman_rho
S5_AAACACAATGGTTTCG,0.9975305225108486
S3_AACATGATTCCATATC,0.98566438070185
S8_AAAGATCAGAGCTCGA,0.9970358531997116
S8_AAATCCCGATTTACCT,0.998725814874372
S5_AAAATGAGACCAGTTG,0.9914581494817953
S3_AACAACTGCACACTAG,0.9229783507776557
S3_AAATCGGTTATCTACT,0.9833731117951247
S3_AAATGTCATTATCGCC,0.9973078334485602
S7_AAAACGCGTGTGGCCG,0.9728827971084739
S5_AAAAGTCACTAAGCGG,0.9790421757093413
S5_AAACGGATGGATAGAA,0.9895864194431394
S2_AAAGCGCGACGACTGG,0.9766612587000689
S2_AAAAGAAATCCAGCTG,0.9964395942051973
S4_AACAAATTCATTGTGG,0.9901951806195729
S3_AACACCAAGTTCGCCT,0.6716971819533548
S3_AAAGGCCCATTAATGA,0.9816868929987325
S5_AAAGCACAGGATATTC,0.8687428156626487
S5_AAACTCTGAGGGTCTG,0.9994886971667609
S3_AAAAAAGCCATATTTT,0.9648023082083207
S2_AAACTTGAAGACATTA,0.9965786080761648
S3_AAAATTTCAAATCCAT,1
S3_AAACGAACTGACAGGG,0.9691292437372773
S8_AAACCGCTGCCCGTCC,0.9156068999551912
S4_AAAAGCGCCGCACTTA,0.9726658519098043
S2_AAAAAATGTTGGCTCT,0.9981769584840604
S3_AAAGCAAGAGTGACCC,0.816622027977236
S3_AAACTAAAGATCCGTG,0.8769498424085214
S3_AAAGGGTAGAGCTTGA,0.6538611843001039
S3_AAAGTCAAGAGCCTGT,0.9959405104255845
S5_AAACAAGTTCTCCCAC,0.9986514387331481
S5_AAACTAGGACAATCGG,0.9752931983417388
S3_AAAATACCAGATCCGC,0.9864584053391073
S4_AAACATATGGCCGCGT,0.7808445633167675
S3_AAAGCCGAGGCAAATG,0.8861629031557632
S8_AAACCAGGGTAAGCGT,0.697769910433897
S3_AAACTAGTAAATGTAC,0.9472213161846843
S7_AACAAATGTCGTGGTG,0.5696882308184441
S7_AAATTAAAGGCTTGAC,0.8543535737745668
S8_AAAATGTTTTTCTAAA,0.5831054844405338
S5_AAAACAAACTAATAAA,0.8536688504436138
S3_AAAGTAACTAACCCTG,0.8336822770835927
S4_AAAAAGCGAGGGGATC,0.9255043160726458
S8_AAAAGTCGGCAGGAGA,0.819739234780952
S3_AAACTGGCCATACACG,0.9580855224599235
S4_AACAGGTCGTCTTTGC,0.9660461173088544
S5_AAAGGCCCATGATGTA,0.7696950467874621
S3_AACACTGCTGCAATTC,0.9897654618578288
S3_AACAACGCGAGGACGA,0.9659894796323587
S2_AAATTTACTTATATCA,0.9960003229564202
S8_AAAAGGGGAACTGCGT,0.7602457619609672
S4_AAAACCCCGTTGTGAA,0.8539815842001403
S5_AACACATACCCCCAAG,0.9901236506069556
S3_AAAGTTGCATTTTGAA,0.8460303598019496
S5_AAAGTGGAGCCGTGTA,0.9221285102782355
S3_AAAACTTTCCACCATT,0.9509963342858563
S3_AAAAATTCGTAGAGAC,0.882669900275017
S4_AAACTCCTTGACAAGC,0.9975378711215951
S8_AACAACATTAGTTGTT,0.9129919899600291
S5_AACATGTTAGCACGAT,0.5710041842599008
S3_AAAGGACCTATATCCT,0.937408257452814
S2_AAATGAGGATCGTGCT,0.9612061342259925
